N,Aerodrome,ICAO,Nation,ARP_lat,ARP_lon,TWR_MHz,TACAN,ILS_MHz,Runways_m (LxW),Elev_m_min,Elev_m_max,Runway_heading_mag/true,Chart_page
1,Kobuleti,UG5X,Georgia,41°55.797'N,041°51.809'E,133.0,67X KBL,07: 111.50,07-25 2400x60,18,18,07: 064°/070°T; 25: 244°/250°T,9
2,Gudauta,UG23,Georgia (Abkhazia),43°06.856'N,040°34.187'E,130.0,,,15-33 2500x60,21,21,15: 145°/151°T; 33: 325°/331°T,10
3,Tbilisi-Soganlug,UG24,Georgia,41°38.970'N,044°56.304'E,139.0,,,13-31 2475x80,447,459,13: 126°/132°T; 31: 306°/312°T,11
4,Vaziani,UG27,Georgia,41°37.743'N,045°01.632'E,140.0,22X VAS,13: 108.75; 31: 108.75,13-31 2485x62,451,460,13: 129°/135°T; 31: 309°/315°T,12
5,Kutaisi-Kopitnari,UGKO,Georgia,42°10.657'N,042°28.874'E,134.0,44X KTS,08: 109.75,08-26 2500x60,45,45,08: 068°/074°T; 26: 248°/254°T,14
6,Senaki-Kolkhi,UGKS,Georgia,42°14.454'N,042°02.861'E,132.0,31X TSK,09: 108.90,09-27 2375x50,11,12,09: 088°/094°T; 27: 268°/274°T,15
7,Batumi,UGSB,Georgia,41°36.562'N,041°36.034'E,131.0,16X BTM,13: 110.30,13-31 2455x60,10,10,13: 120°/126°T; 31: 300°/306°T,17
8,Sukhumi-Babushara,UGSS,Georgia (Abkhazia),42°51.677'N,041°07.474'E,129.0,,,12-30 3540x60,6,12,12: 110°/116°T; 30: 290°/296°T,18
9,Tbilisi-Lochini,UGTB,Georgia,41°40.095'N,044°57.283'E,138.0,,13R: 110.30; 31L: 108.90,13R-31L 2920x45,465,477,13R: 122°/128°T; 31L: 302°/308°T,19
10,Anapa-Vityazevo,URKA,Russia,45°00.298'N,037°20.870'E,121.0,,,04-22 2900x60,45,45,04: 036°/042°T; 22: 216°/222°T,22
11,Gelendzhik,URKG,Russia,44°34.364'N,038°00.684'E,126.0,,,04-22 1800x60,25,25,04: 034°/040°T; 22: 214°/220°T,23
12,Maykop-Khanskaya,URKH,Russia,44°40.874'N,040°02.112'E,125.0,,,04-22 3200x60,180,180,04: 032°/038°T; 22: 212°/218°T,24
13,Krasnodar-Pashkovsky,URKK,Russia,45°02.276'N,039°11.282'E,128.0,,,05L-23R 2265x60; 05R-23L 3100x60,34,34,05: 041°/047°T; 23: 221°/227°T,25
14,Krasnodar-Center,URKL,Russia,45°05.216'N,038°56.415'E,122.0,,,09-27 2500x60,30,30,09: 081°/087°T; 27: 261°/267°T,26
15,Novorossiysk,URKN,Russia,44°40.084'N,037°46.694'E,123.0,,,04-22 1800x60,40,40,04: 036°/042°T; 22: 216°/222°T,27
16,Krymsk,URKW,Russia,44°58.073'N,037°59.697'E,124.0,,,04-22 2600x60,20,20,04: 033°/039°T; 22: 213°/219°T,28
17,Mineralnye Vody,URMM,Russia,44°13.672'N,043°04.870'E,135.0,,12: 111.70; 30: 109.30,12-30 4070x60,320,320,12: 109°/115°T; 30: 289°/295°T,29
18,Nalchik,URMN,Russia,43°30.842'N,043°38.193'E,136.0,,24: 110.50,06-24 2300x60,430,430,06: 049°/055°T; 24: 229°/235°T,30
19,Beslan,URMO,Russia,43°12.342'N,044°36.346'E,141.0,,10: 110.50,10-28 3015x50,540,540,10: 087°/093°T; 28: 267°/273°T,31
20,Sochi-Adler,URSS,Russia,43°26.669'N,039°56.489'E,127.0,,06: 111.10,06-24 3100x60; 02-20 2200x60,30,30,06: 056°/062°T; 24: 236°/242°T; 02: 019°/025°T; 20: 199°/205°T,32
21,Mozdok,XRMF,Russia,43°47.504'N,044°35.981'E,137.0,,,08-26 3120x70,152,155,08: 076°/082°T; 26: 256°/262°T,34
